run,algo,seed,beta,kappa_target,test_reward,test_kl_uniform,rank
1,dpo,124,0.6378363800048827,0.5,0.8099524974822998,0.49839362502098083,6
2,smsspo,125,0.33345397949218747,0.5,0.8862796425819397,0.49783793091773987,6
