run,algo,seed,beta,kappa_target,test_reward,test_kl_uniform,rank
0,dpo,123,0.7257563591003418,0.5,0.8429512977600098,0.5002564787864685,1
1,smsspo,124,0.3303071689605712,0.5,0.8777447938919067,0.49661076068878174,1
