run,algo,seed,beta,kappa_target,test_reward,test_kl_uniform,rank
1,pspo,124,0.051182690858840946,0.5,0.029400134459137917,0.4988309144973755,7
