run,algo,seed,beta,kappa_target,test_reward,test_kl_uniform,rank
0,sft,123,0.3595820426940918,0.5,0.8903502225875854,0.5006923079490662,0
1,espo,124,0.769048843383789,0.5,-0.8308402895927429,0.5010090470314026,0
