run,algo,seed,beta,kappa_target,test_reward,test_kl_uniform,rank
1,sft,124,0.33831723213195797,0.5,0.8512201905250549,0.4976538121700287,5
2,espo,125,0.764090232849121,0.5,-0.8338671922683716,0.4944417476654053,5
