run,algo,seed,beta,kappa_target,test_reward,test_kl_uniform,rank
0,espo,123,0.8457165908813475,0.5,0.8688912391662598,0.49983662366867065,3
2,dpo,125,0.6345942115783691,0.5,0.8252830505371094,0.49717044830322266,3
