run,algo,seed,beta,kappa_target,test_reward,test_kl_uniform,rank
0,pspo,123,0.052172029018402094,0.5,0.05774686485528946,0.5001270174980164,2
2,sft,125,0.33850794792175287,0.5,0.8651065230369568,0.49816808104515076,2
