run,algo,seed,beta,kappa_target,test_reward,test_kl_uniform,rank
0,smsspo,123,0.3643499374389648,0.5,0.8987776041030884,0.4992135763168335,4
2,pspo,125,0.05987217903137207,0.5,-0.034715764224529266,0.4993866980075836,4
